epoch,time,train/box_loss,train/cls_loss,train/dfl_loss,metrics/precision(B),metrics/recall(B),metrics/mAP50(B),metrics/mAP50-95(B),val/box_loss,val/cls_loss,val/dfl_loss,lr/pg0,lr/pg1,lr/pg2
1,11.7599,2.73903,14.2194,1.51079,0.00067,0.25,0.00018,4e-05,2.59102,10.0909,1.71118,0.0001,0.0001,0.0001
2,22.7524,2.67536,12.6444,1.49369,0.00133,0.5,0.0007,0.0003,2.37646,8.9449,1.56082,0.000218548,0.000218548,0.000218548
3,33.6955,2.34442,9.42458,1.36193,0.00133,0.5,0.00113,0.00045,2.4596,7.75608,1.36203,0.000335512,0.000335512,0.000335512
4,44.5236,2.24096,8.97703,1.31725,0.00133,0.5,0.00097,0.00068,1.90088,7.01133,1.09709,0.000450892,0.000450892,0.000450892
5,54.9043,2.11627,9.12673,1.27239,0.00267,1,0.00319,0.00136,1.72613,6.82954,0.95833,0.000564688,0.000564688,0.000564688
6,65.2991,1.82856,7.35569,1.25405,0.00267,1,0.00314,0.00155,2.13398,6.4738,1.02982,0.0006769,0.0006769,0.0006769
7,75.884,1.98736,6.64657,1.21248,0.00267,1,0.00282,0.00097,2.20873,6.76993,1.09456,0.000787528,0.000787528,0.000787528
8,86.5283,1.80167,5.73036,1.20404,0,0,0,0,2.24852,6.88209,1.14148,0.000896572,0.000896572,0.000896572
9,97.2296,1.97251,6.84807,1.18519,0.00067,0.25,0.00017,0.0001,2.18582,7.26391,1.16581,0.00100403,0.00100403,0.00100403
10,108.024,1.98262,7.87518,1.25613,0.00067,0.25,0.00017,3e-05,2.26715,6.26148,1.2062,0.00110991,0.00110991,0.00110991
11,118.574,1.91117,5.5767,1.2002,0.00067,0.25,0.00017,5e-05,2.28225,6.17495,1.26875,0.0012142,0.0012142,0.0012142
12,129.558,1.79562,5.81222,1.15842,0.00067,0.25,0.00017,2e-05,2.60933,6.46581,1.38071,0.00131691,0.00131691,0.00131691
13,140.283,1.96772,6.5624,1.19991,0,0,0,0,2.03294,5.85088,1.2392,0.00141803,0.00141803,0.00141803
14,150.982,1.78256,6.21951,1.18128,0.00133,0.5,0.24642,0.09878,1.98153,5.89985,1.21092,0.00151757,0.00151757,0.00151757
15,161.471,1.88607,10.3019,1.17322,0.00133,0.5,0.24642,0.09878,1.98153,5.89985,1.21092,0.00161553,0.00161553,0.00161553
16,172.152,1.68968,5.01872,1.12625,0.00267,1,0.00307,0.00087,2.15376,5.92274,1.27255,0.0017119,0.0017119,0.0017119
17,182.59,1.85066,6.16457,1.11763,0.00267,1,0.28242,0.10242,1.99,5.1241,1.30763,0.0017888,0.0017888,0.0017888
18,192.749,1.88057,4.70676,1.20691,0.05649,0.75,0.05882,0.01703,2.03359,6.88973,1.21526,0.0017756,0.0017756,0.0017756
19,203.432,1.8081,5.28631,1.13054,0.05649,0.75,0.05882,0.01703,2.03359,6.88973,1.21526,0.0017624,0.0017624,0.0017624
20,213.933,1.74867,5.52334,1.05968,0.08863,0.25,0.13147,0.04212,2.30959,5.38204,1.22991,0.0017492,0.0017492,0.0017492
21,224.641,1.72153,4.35699,1.09937,0.15072,0.25,0.33784,0.27199,2.15343,5.24309,1.23999,0.001736,0.001736,0.001736
22,235.309,1.81176,4.51146,1.18126,0.16282,0.25,0.11831,0.08119,2.3975,5.28632,1.30004,0.0017228,0.0017228,0.0017228
23,245.801,1.66917,4.79106,1.14403,0.16282,0.25,0.11831,0.08119,2.3975,5.28632,1.30004,0.0017096,0.0017096,0.0017096
24,256.406,1.93538,4.5464,1.18327,0.66577,0.5,0.33259,0.104,2.26521,5.06153,1.27705,0.0016964,0.0016964,0.0016964
25,266.947,1.66409,4.33401,1.10448,0.45373,0.25,0.12379,0.0864,2.00444,4.55236,1.23247,0.0016832,0.0016832,0.0016832
26,277.417,1.64756,5.09629,1.09203,0.49315,0.24658,0.27958,0.12569,2.30665,4.91696,1.33994,0.00167,0.00167,0.00167
27,288.235,1.71862,4.29946,1.13208,0.49315,0.24658,0.27958,0.12569,2.30665,4.91696,1.33994,0.0016568,0.0016568,0.0016568
28,298.507,1.64204,4.30861,1.10139,0.002,0.75,0.24806,0.07463,2.68196,5.6804,1.55571,0.0016436,0.0016436,0.0016436
29,309.45,1.6282,3.64573,1.07524,0.00133,0.5,0.2475,0.08042,2.80058,5.27971,1.58007,0.0016304,0.0016304,0.0016304
30,320.049,1.79452,6.63524,1.04994,0.39791,0.25,0.58986,0.16015,2.40524,4.24169,1.36866,0.0016172,0.0016172,0.0016172
31,330.759,1.78821,3.28779,1.1241,0.39791,0.25,0.58986,0.16015,2.40524,4.24169,1.36866,0.001604,0.001604,0.001604
32,341.398,1.49632,3.80762,1.0895,0.67026,0.75,0.78667,0.21485,2.34009,3.56483,1.30216,0.0015908,0.0015908,0.0015908
33,352.021,1.4785,3.24791,1.01347,0.59763,0.75,0.745,0.33033,2.2588,3.18425,1.28857,0.0015776,0.0015776,0.0015776
34,363.726,1.57378,3.72515,1.08188,0.65775,0.48663,0.61167,0.33195,2.10815,3.03518,1.24469,0.0015644,0.0015644,0.0015644
35,374.299,1.48214,3.91866,0.98561,0.65775,0.48663,0.61167,0.33195,2.10815,3.03518,1.24469,0.0015512,0.0015512,0.0015512
36,384.791,1.64414,3.14415,1.1067,0.73781,0.71344,0.72542,0.21604,2.36729,3.15396,1.31901,0.001538,0.001538,0.001538
37,395.049,1.33743,3.07534,1.04255,0.35266,0.25,0.547,0.2281,2.24749,3.23991,1.25788,0.0015248,0.0015248,0.0015248
38,405.445,1.50151,3.15749,1.02939,0.65465,0.48197,0.56333,0.28675,2.24699,3.12955,1.29386,0.0015116,0.0015116,0.0015116
39,415.925,1.46562,2.80382,1.01809,0.65465,0.48197,0.56333,0.28675,2.24699,3.12955,1.29386,0.0014984,0.0014984,0.0014984
40,427.692,1.5113,2.67048,1.02799,0.97528,0.5,0.72,0.22059,2.31606,2.99288,1.30644,0.0014852,0.0014852,0.0014852
41,438.541,1.47349,2.80038,1.01654,0.97234,0.5,0.73111,0.25804,2.06268,2.92922,1.16595,0.001472,0.001472,0.001472
42,449.54,1.58322,2.58929,1.01314,0.97387,0.5,0.73111,0.24965,2.16793,2.70629,1.22055,0.0014588,0.0014588,0.0014588
43,460.316,1.5678,2.86227,1.02889,0.97387,0.5,0.73111,0.24965,2.16793,2.70629,1.22055,0.0014456,0.0014456,0.0014456
44,471.031,1.54337,2.2651,1.02299,0.97879,0.5,0.77,0.25286,2.10094,2.56541,1.2003,0.0014324,0.0014324,0.0014324
45,481.759,1.60366,2.72613,1.06234,0.74609,0.73828,0.895,0.27045,1.99568,2.61263,1.15072,0.0014192,0.0014192,0.0014192
46,492.398,1.56008,2.36405,1.07381,0.97871,0.5,0.82833,0.2928,1.79885,2.41569,1.04101,0.001406,0.001406,0.001406
47,503.09,1.6062,2.89225,1.01693,0.97871,0.5,0.82833,0.2928,1.79885,2.41569,1.04101,0.0013928,0.0013928,0.0013928
48,513.99,1.68181,2.72359,1.07778,0.97724,0.5,0.78071,0.26232,1.773,2.47349,1.03432,0.0013796,0.0013796,0.0013796
49,524.877,1.32283,2.19859,0.9698,0.2959,0.5,0.36625,0.18252,1.85816,2.37665,1.0805,0.0013664,0.0013664,0.0013664
50,535.826,1.42931,2.3582,0.99452,0.47763,0.69408,0.42012,0.19765,1.91105,2.18351,1.08912,0.0013532,0.0013532,0.0013532
51,546.677,1.5989,2.99254,1.06956,0.47763,0.69408,0.42012,0.19765,1.91105,2.18351,1.08912,0.00134,0.00134,0.00134
52,557.387,1.43,2.03793,1.03124,0.65662,0.96233,0.84917,0.25292,1.94872,2.32064,1.08817,0.0013268,0.0013268,0.0013268
53,568.273,1.31039,2.07013,0.95213,1,0.73794,0.91167,0.4385,1.63787,2.07318,0.98632,0.0013136,0.0013136,0.0013136
54,578.996,1.404,2.08231,1.01347,1,0.74347,0.91167,0.43973,1.52938,1.99894,0.96237,0.0013004,0.0013004,0.0013004
55,589.75,1.36368,2.03107,0.9625,1,0.74347,0.91167,0.43973,1.52938,1.99894,0.96237,0.0012872,0.0012872,0.0012872
56,600.459,1.30417,2.061,0.97479,1,0.73531,0.91167,0.27294,1.7421,2.1194,1.03737,0.001274,0.001274,0.001274
57,611.301,1.43402,2.14552,1.01847,1,0.73841,0.91167,0.27433,1.87441,1.99306,1.08031,0.0012608,0.0012608,0.0012608
58,621.913,1.37191,1.99458,0.99848,0.99892,0.75,0.91167,0.38475,1.88213,1.71764,1.08562,0.0012476,0.0012476,0.0012476
59,632.545,1.3025,1.79977,1.00295,0.99892,0.75,0.91167,0.38475,1.88213,1.71764,1.08562,0.0012344,0.0012344,0.0012344
60,643.091,1.31458,2.04729,0.97016,1,0.74952,0.91167,0.38033,1.96813,1.656,1.14676,0.0012212,0.0012212,0.0012212
61,653.763,1.34638,1.85277,0.99347,1,0.88846,0.995,0.37633,1.96185,1.85029,1.17751,0.001208,0.001208,0.001208
62,665.126,1.19992,1.72006,0.9452,1,0.93139,0.995,0.35971,1.91675,1.72807,1.15857,0.0011948,0.0011948,0.0011948
63,675.73,1.24255,1.72624,0.91979,1,0.93139,0.995,0.35971,1.91675,1.72807,1.15857,0.0011816,0.0011816,0.0011816
64,686.612,1.34234,1.78041,0.9328,0.73606,0.70817,0.65875,0.28538,2.0528,1.77942,1.22422,0.0011684,0.0011684,0.0011684
65,697.145,1.23137,1.62077,0.91692,0.74316,0.75,0.65875,0.26562,2.16271,1.70706,1.27635,0.0011552,0.0011552,0.0011552
66,707.967,1.28914,1.70084,0.97385,0.74882,0.75,0.68375,0.26725,2.1882,1.61402,1.27723,0.001142,0.001142,0.001142
67,718.467,1.20514,1.86252,0.93214,0.74882,0.75,0.68375,0.26725,2.1882,1.61402,1.27723,0.0011288,0.0011288,0.0011288
68,728.665,1.31526,2.06492,0.92141,0.74467,0.73402,0.64966,0.25585,2.16237,1.75125,1.24751,0.0011156,0.0011156,0.0011156
69,739.145,1.22696,1.68662,0.96591,0.74265,0.72795,0.64966,0.28885,1.98125,1.67902,1.16237,0.0011024,0.0011024,0.0011024
70,749.762,1.28327,1.61138,0.9578,0.64614,0.5,0.405,0.26575,1.9032,1.73021,1.13504,0.0010892,0.0010892,0.0010892
71,760.368,1.31117,1.69551,0.96668,0.64614,0.5,0.405,0.26575,1.9032,1.73021,1.13504,0.001076,0.001076,0.001076
72,771.012,1.18619,1.67691,0.91979,0.6481,0.5,0.39818,0.26505,1.90519,1.71566,1.12487,0.0010628,0.0010628,0.0010628
73,781.746,1.11384,1.3767,0.89225,0.64706,0.5,0.3925,0.26633,1.96361,1.72345,1.13888,0.0010496,0.0010496,0.0010496
74,792.355,1.06329,1.60042,0.94482,0.64271,0.5,0.42375,0.24379,2.11043,1.78211,1.19223,0.0010364,0.0010364,0.0010364
75,802.73,1.12509,1.55651,0.8823,0.64271,0.5,0.42375,0.24379,2.11043,1.78211,1.19223,0.0010232,0.0010232,0.0010232
76,813.216,1.13663,1.61709,0.88019,0.96895,0.75,0.745,0.28974,2.14587,1.79845,1.21967,0.00101,0.00101,0.00101
77,823.748,1.14215,1.57072,0.92711,0.95711,0.75,0.745,0.29056,2.21957,1.8195,1.23955,0.0009968,0.0009968,0.0009968
78,834.389,1.16054,1.5838,0.94898,0.64524,0.5,0.59111,0.24911,2.44393,1.76441,1.31414,0.0009836,0.0009836,0.0009836
79,845.089,1.2416,1.61847,0.91881,0.64524,0.5,0.59111,0.24911,2.44393,1.76441,1.31414,0.0009704,0.0009704,0.0009704
80,855.696,1.11826,1.44367,0.88794,0.97351,0.75,0.945,0.297,2.414,1.71591,1.29864,0.0009572,0.0009572,0.0009572
81,866.505,1.14013,1.45393,0.90859,0.97871,0.75,0.945,0.34813,2.21093,1.76999,1.24358,0.000944,0.000944,0.000944
82,877.147,0.9966,1.40796,0.8786,0.98492,0.75,0.91167,0.32667,2.19235,1.82758,1.24322,0.0009308,0.0009308,0.0009308
83,887.442,1.00309,1.48183,0.91532,0.98492,0.75,0.91167,0.32667,2.19235,1.82758,1.24322,0.0009176,0.0009176,0.0009176
84,897.839,1.02573,1.69447,0.82986,0.98507,0.75,0.91167,0.39708,2.01103,1.69326,1.14497,0.0009044,0.0009044,0.0009044
85,907.998,0.9089,1.46381,0.897,0.98137,0.75,0.945,0.36204,1.8871,1.63218,1.08885,0.0008912,0.0008912,0.0008912
86,918.344,1.01063,1.4857,0.88561,0.77605,1,0.945,0.39309,1.81476,1.47448,1.05942,0.000878,0.000878,0.000878
87,928.702,1.02365,1.43859,0.89989,0.77605,1,0.945,0.39309,1.81476,1.47448,1.05942,0.0008648,0.0008648,0.0008648
88,939.06,1.05642,1.25939,0.90511,0.77191,1,0.945,0.32655,1.96683,1.32538,1.19386,0.0008516,0.0008516,0.0008516
89,949.255,1.22135,1.38843,0.92831,1,0.99013,0.995,0.34971,1.95225,1.27578,1.17297,0.0008384,0.0008384,0.0008384
90,959.36,1.09369,1.25919,0.90278,1,0.98971,0.995,0.32329,2.01202,1.28964,1.20989,0.0008252,0.0008252,0.0008252
91,969.657,1.10929,1.53739,0.90435,1,0.98971,0.995,0.32329,2.01202,1.28964,1.20989,0.000812,0.000812,0.000812
92,979.847,1.18863,1.44746,0.90322,0.97728,0.75,0.745,0.30584,2.07794,1.33716,1.25321,0.0007988,0.0007988,0.0007988
93,990.07,1.10554,1.3755,0.92016,0.97903,0.75,0.745,0.25596,2.11568,1.38018,1.31148,0.0007856,0.0007856,0.0007856
94,1000.26,1.17808,1.30281,0.8886,0.65053,0.5,0.33288,0.20222,2.22145,1.42921,1.36629,0.0007724,0.0007724,0.0007724
95,1010.58,1.17671,1.43889,0.91119,0.65053,0.5,0.33288,0.20222,2.22145,1.42921,1.36629,0.0007592,0.0007592,0.0007592
96,1021.13,1.20619,1.53267,0.9202,0.97988,0.75,0.745,0.24444,2.0656,1.287,1.2801,0.000746,0.000746,0.000746
97,1031.7,0.98272,1.7655,0.88383,1,0.98131,0.995,0.41775,1.75859,1.261,1.1251,0.0007328,0.0007328,0.0007328
98,1042.14,1.07601,1.27756,0.91465,0.98213,0.75,0.945,0.48225,1.60804,1.30347,1.04584,0.0007196,0.0007196,0.0007196
99,1052.44,1.19968,1.33461,0.94081,0.98213,0.75,0.945,0.48225,1.60804,1.30347,1.04584,0.0007064,0.0007064,0.0007064
100,1062.88,1.02968,1.32054,0.91079,0.98325,0.75,0.945,0.38775,1.71013,1.36419,1.09581,0.0006932,0.0006932,0.0006932
101,1073.4,0.95214,1.12676,0.87153,0.79182,1,0.945,0.38775,1.96786,1.39008,1.1635,0.00068,0.00068,0.00068
102,1083.66,0.86587,1.2252,0.86208,0.97899,0.75,0.745,0.29603,2.16411,1.36113,1.20553,0.0006668,0.0006668,0.0006668
103,1093.98,1.07598,1.18005,0.91895,0.97899,0.75,0.745,0.29603,2.16411,1.36113,1.20553,0.0006536,0.0006536,0.0006536
104,1104.5,1.16855,1.298,0.92258,0.97993,0.75,0.745,0.32625,2.1151,1.26511,1.17827,0.0006404,0.0006404,0.0006404
105,1114.76,1.01439,1.29547,0.8531,0.98116,0.75,0.745,0.31815,1.91663,1.1772,1.10604,0.0006272,0.0006272,0.0006272
106,1125.07,1.01204,1.27525,0.87063,0.98096,0.75,0.945,0.33533,1.90779,1.22052,1.11263,0.000614,0.000614,0.000614
107,1135.28,0.98984,1.38144,0.91523,0.98096,0.75,0.945,0.33533,1.90779,1.22052,1.11263,0.0006008,0.0006008,0.0006008
108,1145.59,0.90324,1.26737,0.85348,0.98047,0.75,0.745,0.33025,1.93117,1.31871,1.16452,0.0005876,0.0005876,0.0005876
109,1156.08,0.95959,1.13028,0.87301,0.97947,0.75,0.745,0.32712,2.00117,1.332,1.20541,0.0005744,0.0005744,0.0005744
110,1166.39,1.01628,1.52555,0.95236,0.9803,0.75,0.945,0.34712,2.02525,1.29815,1.21184,0.0005612,0.0005612,0.0005612
111,1176.36,0.97315,1.24596,0.85841,0.9803,0.75,0.945,0.34712,2.02525,1.29815,1.21184,0.000548,0.000548,0.000548
112,1186.69,0.95633,1.18136,0.85252,0.98062,0.75,0.945,0.3501,1.95985,1.25839,1.15366,0.0005348,0.0005348,0.0005348
113,1197.03,0.92037,1.15825,0.84591,0.98092,0.75,0.945,0.35228,1.97405,1.21156,1.12202,0.0005216,0.0005216,0.0005216
114,1207.29,1.03108,1.30221,0.89592,0.97964,0.75,0.91167,0.32894,2.00531,1.22132,1.13932,0.0005084,0.0005084,0.0005084
115,1217.72,0.85118,1.02231,0.8038,0.97964,0.75,0.91167,0.32894,2.00531,1.22132,1.13932,0.0004952,0.0004952,0.0004952
116,1228.03,1.03085,1.18109,0.89245,0.9794,0.75,0.91167,0.31589,2.05648,1.30856,1.16981,0.000482,0.000482,0.000482
117,1238.33,0.93603,1.32085,0.83188,0.97916,0.75,0.91167,0.31589,2.06053,1.3095,1.18642,0.0004688,0.0004688,0.0004688
118,1248.85,0.91289,1.187,0.88537,0.9805,0.75,0.945,0.30031,1.98146,1.24837,1.1766,0.0004556,0.0004556,0.0004556
119,1259.31,0.84409,1.17091,0.8481,0.9805,0.75,0.945,0.30031,1.98146,1.24837,1.1766,0.0004424,0.0004424,0.0004424
120,1269.85,0.87536,1.02798,0.84263,0.98061,0.75,0.945,0.3385,1.96417,1.261,1.18514,0.0004292,0.0004292,0.0004292
121,1280.45,0.75762,1.03367,0.82411,0.98088,0.75,0.945,0.28164,1.95497,1.27086,1.18366,0.000416,0.000416,0.000416
122,3452,0.8275,1.15777,0.79871,0.98139,0.75,0.945,0.28603,1.95495,1.27632,1.18132,0.0004028,0.0004028,0.0004028
123,3462.39,0.88577,1.09105,0.90322,0.98139,0.75,0.945,0.28603,1.95495,1.27632,1.18132,0.0003896,0.0003896,0.0003896
124,3471.15,0.91813,1.14683,0.85753,1,0.98179,0.995,0.30233,2.01895,1.32113,1.18336,0.0003764,0.0003764,0.0003764
125,3479.7,0.87083,1.0192,0.88757,1,0.98195,0.995,0.30076,2.0656,1.31546,1.17355,0.0003632,0.0003632,0.0003632
126,3488.19,0.84199,1.09889,0.83385,1,0.982,0.995,0.28512,2.19103,1.37269,1.21122,0.00035,0.00035,0.00035
127,3496.7,0.85946,1.01646,0.8625,1,0.982,0.995,0.28512,2.19103,1.37269,1.21122,0.0003368,0.0003368,0.0003368
128,3505.25,0.76218,0.97403,0.86357,1,0.98103,0.995,0.27743,2.21068,1.39964,1.21011,0.0003236,0.0003236,0.0003236
129,3513.85,0.758,0.99939,0.83544,1,0.98088,0.995,0.27743,2.1684,1.39271,1.19253,0.0003104,0.0003104,0.0003104
130,3522.39,0.8141,1.08782,0.85538,1,0.97956,0.995,0.362,2.09644,1.38577,1.16721,0.0002972,0.0002972,0.0002972
131,3531,0.85678,1.1422,0.88427,1,0.97956,0.995,0.362,2.09644,1.38577,1.16721,0.000284,0.000284,0.000284
132,3539.83,0.78845,1.00256,0.85647,1,0.97765,0.995,0.35589,2.03922,1.3974,1.1588,0.0002708,0.0002708,0.0002708
133,3548.58,0.80434,1.02748,0.83766,1,0.97457,0.995,0.35596,2.00252,1.40029,1.15088,0.0002576,0.0002576,0.0002576
134,3557.42,0.87352,1.02765,0.87351,1,0.97282,0.995,0.35583,2.01195,1.42169,1.1555,0.0002444,0.0002444,0.0002444
135,3566.15,0.74968,0.97255,0.84496,1,0.97282,0.995,0.35583,2.01195,1.42169,1.1555,0.0002312,0.0002312,0.0002312
136,3574.97,0.81516,1.07192,0.88339,1,0.97086,0.995,0.34352,2.01418,1.44764,1.15471,0.000218,0.000218,0.000218
137,3583.81,0.86367,1.04657,0.84939,1,0.97018,0.995,0.34498,2.0178,1.47028,1.15701,0.0002048,0.0002048,0.0002048
138,3592.66,0.86869,1.20073,0.88216,1,0.96927,0.995,0.3527,2.01827,1.48877,1.16291,0.0001916,0.0001916,0.0001916
139,3601.42,0.80241,0.95408,0.86127,1,0.96927,0.995,0.3527,2.01827,1.48877,1.16291,0.0001784,0.0001784,0.0001784
140,3610.21,0.72842,1.00038,0.86534,1,0.96775,0.995,0.34125,2.06083,1.47787,1.19686,0.0001652,0.0001652,0.0001652
141,3619,0.82129,1.05443,0.8551,1,0.96622,0.995,0.34125,2.05943,1.49969,1.20099,0.000152,0.000152,0.000152
142,3627.77,0.75624,1.05054,0.83672,1,0.96777,0.995,0.32325,2.06055,1.48953,1.20783,0.0001388,0.0001388,0.0001388
143,3636.4,0.83329,1.02431,0.84536,1,0.96777,0.995,0.32325,2.06055,1.48953,1.20783,0.0001256,0.0001256,0.0001256
144,3645.15,0.73269,1.00295,0.82203,1,0.9693,0.995,0.33526,2.03615,1.47754,1.20167,0.0001124,0.0001124,0.0001124
145,3653.95,0.82715,1.11674,0.85166,1,0.97074,0.995,0.33516,2.02102,1.4616,1.19381,9.92e-05,9.92e-05,9.92e-05
146,3662.7,0.66848,1.16896,0.82466,1,0.97327,0.995,0.3354,2.00722,1.43025,1.18314,8.6e-05,8.6e-05,8.6e-05
147,3671.39,0.68223,1.05332,0.79146,1,0.97327,0.995,0.3354,2.00722,1.43025,1.18314,7.28e-05,7.28e-05,7.28e-05
148,3680.19,0.71731,1.03894,0.81002,1,0.9745,0.995,0.33625,1.99922,1.4142,1.17613,5.96e-05,5.96e-05,5.96e-05
149,3689.12,0.68933,0.99104,0.84601,1,0.97534,0.995,0.35747,1.99278,1.39166,1.16987,4.64e-05,4.64e-05,4.64e-05
150,3697.91,0.6663,1.00089,0.80762,1,0.97617,0.995,0.35764,1.98274,1.37231,1.16223,3.32e-05,3.32e-05,3.32e-05
